,ctuid,pop_elderly_prop,pop_child_prop,pop_immig,pop_nodegree,pop_unemployed,inc_lico_p,inc_total30p,dw_majorrep,dw_lone_prop,dw_no_car,Ai_jobs_transit,Ai_activities_transit,Ai_jobs_auto,Ai_activities_auto,Ai_jobs_ratio,Ai_activities_ratio,Ai_combine,SESi,pop,mean_nonworktrip_time_adult,mean_commute_time_adult,R_trips_per_day,R_activities_per_day
0,5350001.00,,,,,,,,,,,,,,,,,,,,,,,
1,5350002.00,,,,,,,,,,,,,,,,,,,,,,,
2,5350003.00,,,,,,,,,,,,,,,,,,,,,,,
3,5350004.00,,,,,,,,,,,,,,,,,,,,,,,
4,5350005.00,,,,,,,,,,,,,,,,,,,,,,,
5,5350006.00,,,,,,,,,,,,,,,,,,,,,,,
6,5350007.01,,,,,,,,,,,,,,,,,,,,,,,
7,5350007.02,,,,,,,,,,,,,,,,,,,,,,,
8,5350008.01,,,,,,,,,,,,,,,,,,,,,,,
9,5350008.02,,,,,,,,,,,,,,,,,,,,,,,
10,5350009.00,,,,,,,,,,,,,,,,,,,,,,,
11,5350010.01,,,,,,,,,,,,,,,,,,,,,,,
12,5350010.02,,,,,,,,,,,,,,,,,,,,,,,
13,5350011.00,,,,,,,,,,,,,,,,,,,,,,,
14,5350012.01,,,,,,,,,,,,,,,,,,,,,,,
15,5350012.03,,,,,,,,,,,,,,,,,,,,,,,
16,5350012.04,,,,,,,,,,,,,,,,,,,,,,,
17,5350013.01,,,,,,,,,,,,,,,,,,,,,,,
18,5350013.02,,,,,,,,,,,,,,,,,,,,,,,
19,5350014.00,,,,,,,,,,,,,,,,,,,,,,,
20,5350015.00,,,,,,,,,,,,,,,,,,,,,,,
21,5350016.00,,,,,,,,,,,,,,,,,,,,,,,
22,5350017.00,,,,,,,,,,,,,,,,,,,,,,,
23,5350018.00,,,,,,,,,,,,,,,,,,,,,,,
24,5350019.00,,,,,,,,,,,,,,,,,,,,,,,
25,5350020.00,,,,,,,,,,,,,,,,,,,,,,,
26,5350021.00,,,,,,,,,,,,,,,,,,,,,,,
27,5350022.00,,,,,,,,,,,,,,,,,,,,,,,
28,5350023.00,,,,,,,,,,,,,,,,,,,,,,,
29,5350024.00,,,,,,,,,,,,,,,,,,,,,,,
30,5350025.00,,,,,,,,,,,,,,,,,,,,,,,
31,5350026.00,,,,,,,,,,,,,,,,,,,,,,,
32,5350027.00,,,,,,,,,,,,,,,,,,,,,,,
33,5350028.01,,,,,,,,,,,,,,,,,,,,,,,
34,5350028.02,,,,,,,,,,,,,,,,,,,,,,,
35,5350029.00,,,,,,,,,,,,,,,,,,,,,,,
36,5350030.00,,,,,,,,,,,,,,,,,,,,,,,
37,5350031.00,,,,,,,,,,,,,,,,,,,,,,,
38,5350032.00,,,,,,,,,,,,,,,,,,,,,,,
39,5350033.00,,,,,,,,,,,,,,,,,,,,,,,
40,5350034.01,,,,,,,,,,,,,,,,,,,,,,,
41,5350034.02,,,,,,,,,,,,,,,,,,,,,,,
42,5350035.00,,,,,,,,,,,,,,,,,,,,,,,
43,5350036.00,,,,,,,,,,,,,,,,,,,,,,,
44,5350037.00,,,,,,,,,,,,,,,,,,,,,,,
45,5350038.00,,,,,,,,,,,,,,,,,,,,,,,
46,5350039.00,,,,,,,,,,,,,,,,,,,,,,,
47,5350040.00,,,,,,,,,,,,,,,,,,,,,,,
48,5350041.00,,,,,,,,,,,,,,,,,,,,,,,
49,5350042.00,,,,,,,,,,,,,,,,,,,,,,,
50,5350043.00,,,,,,,,,,,,,,,,,,,,,,,
51,5350044.00,,,,,,,,,,,,,,,,,,,,,,,
52,5350045.00,,,,,,,,,,,,,,,,,,,,,,,
53,5350046.00,,,,,,,,,,,,,,,,,,,,,,,
54,5350047.02,,,,,,,,,,,,,,,,,,,,,,,
55,5350047.03,,,,,,,,,,,,,,,,,,,,,,,
56,5350047.04,,,,,,,,,,,,,,,,,,,,,,,
57,5350048.00,,,,,,,,,,,,,,,,,,,,,,,
58,5350049.00,,,,,,,,,,,,,,,,,,,,,,,
59,5350050.01,,,,,,,,,,,,,,,,,,,,,,,
60,5350050.03,,,,,,,,,,,,,,,,,,,,,,,
61,5350050.04,,,,,,,,,,,,,,,,,,,,,,,
62,5350051.00,,,,,,,,,,,,,,,,,,,,,,,
63,5350052.00,,,,,,,,,,,,,,,,,,,,,,,
64,5350053.00,,,,,,,,,,,,,,,,,,,,,,,
65,5350054.00,,,,,,,,,,,,,,,,,,,,,,,
66,5350055.00,,,,,,,,,,,,,,,,,,,,,,,
67,5350056.00,,,,,,,,,,,,,,,,,,,,,,,
68,5350057.00,,,,,,,,,,,,,,,,,,,,,,,
69,5350058.00,,,,,,,,,,,,,,,,,,,,,,,
70,5350059.00,,,,,,,,,,,,,,,,,,,,,,,
71,5350060.00,,,,,,,,,,,,,,,,,,,,,,,
72,5350061.00,,,,,,,,,,,,,,,,,,,,,,,
73,5350062.01,,,,,,,,,,,,,,,,,,,,,,,
74,5350062.02,,,,,,,,,,,,,,,,,,,,,,,
75,5350063.03,,,,,,,,,,,,,,,,,,,,,,,
76,5350063.04,,,,,,,,,,,,,,,,,,,,,,,
77,5350063.05,,,,,,,,,,,,,,,,,,,,,,,
78,5350063.06,,,,,,,,,,,,,,,,,,,,,,,
79,5350064.00,,,,,,,,,,,,,,,,,,,,,,,
80,5350065.01,,,,,,,,,,,,,,,,,,,,,,,
81,5350065.02,,,,,,,,,,,,,,,,,,,,,,,
82,5350066.00,,,,,,,,,,,,,,,,,,,,,,,
83,5350067.00,,,,,,,,,,,,,,,,,,,,,,,
84,5350068.00,,,,,,,,,,,,,,,,,,,,,,,
85,5350069.00,,,,,,,,,,,,,,,,,,,,,,,
86,5350070.00,,,,,,,,,,,,,,,,,,,,,,,
87,5350071.00,,,,,,,,,,,,,,,,,,,,,,,
88,5350072.01,,,,,,,,,,,,,,,,,,,,,,,
89,5350072.02,,,,,,,,,,,,,,,,,,,,,,,
90,5350073.00,,,,,,,,,,,,,,,,,,,,,,,
91,5350074.00,,,,,,,,,,,,,,,,,,,,,,,
92,5350075.00,,,,,,,,,,,,,,,,,,,,,,,
93,5350076.00,,,,,,,,,,,,,,,,,,,,,,,
94,5350077.00,,,,,,,,,,,,,,,,,,,,,,,
95,5350078.00,,,,,,,,,,,,,,,,,,,,,,,
96,5350079.00,,,,,,,,,,,,,,,,,,,,,,,
97,5350080.01,,,,,,,,,,,,,,,,,,,,,,,
98,5350080.02,,,,,,,,,,,,,,,,,,,,,,,
99,5350081.00,,,,,,,,,,,,,,,,,,,,,,,
100,5350082.00,,,,,,,,,,,,,,,,,,,,,,,
101,5350083.00,,,,,,,,,,,,,,,,,,,,,,,
102,5350084.00,,,,,,,,,,,,,,,,,,,,,,,
103,5350085.00,,,,,,,,,,,,,,,,,,,,,,,
104,5350086.00,,,,,,,,,,,,,,,,,,,,,,,
105,5350087.00,,,,,,,,,,,,,,,,,,,,,,,
106,5350088.00,,,,,,,,,,,,,,,,,,,,,,,
107,5350089.00,,,,,,,,,,,,,,,,,,,,,,,
108,5350090.00,,,,,,,,,,,,,,,,,,,,,,,
109,5350091.01,,,,,,,,,,,,,,,,,,,,,,,
110,5350091.02,,,,,,,,,,,,,,,,,,,,,,,
111,5350092.00,,,,,,,,,,,,,,,,,,,,,,,
112,5350093.00,,,,,,,,,,,,,,,,,,,,,,,
113,5350094.00,,,,,,,,,,,,,,,,,,,,,,,
114,5350095.00,,,,,,,,,,,,,,,,,,,,,,,
115,5350096.01,,,,,,,,,,,,,,,,,,,,,,,
116,5350096.02,,,,,,,,,,,,,,,,,,,,,,,
117,5350097.01,,,,,,,,,,,,,,,,,,,,,,,
118,5350097.03,,,,,,,,,,,,,,,,,,,,,,,
119,5350097.04,,,,,,,,,,,,,,,,,,,,,,,
120,5350098.00,,,,,,,,,,,,,,,,,,,,,,,
121,5350099.00,,,,,,,,,,,,,,,,,,,,,,,
122,5350100.00,,,,,,,,,,,,,,,,,,,,,,,
123,5350101.00,,,,,,,,,,,,,,,,,,,,,,,
124,5350102.02,,,,,,,,,,,,,,,,,,,,,,,
125,5350102.03,,,,,,,,,,,,,,,,,,,,,,,
126,5350102.04,,,,,,,,,,,,,,,,,,,,,,,
127,5350102.05,,,,,,,,,,,,,,,,,,,,,,,
128,5350103.00,,,,,,,,,,,,,,,,,,,,,,,
129,5350104.00,,,,,,,,,,,,,,,,,,,,,,,
130,5350105.00,,,,,,,,,,,,,,,,,,,,,,,
131,5350106.00,,,,,,,,,,,,,,,,,,,,,,,
132,5350107.00,,,,,,,,,,,,,,,,,,,,,,,
133,5350108.00,,,,,,,,,,,,,,,,,,,,,,,
134,5350109.00,,,,,,,,,,,,,,,,,,,,,,,
135,5350110.00,,,,,,,,,,,,,,,,,,,,,,,
136,5350111.00,,,,,,,,,,,,,,,,,,,,,,,
137,5350112.00,,,,,,,,,,,,,,,,,,,,,,,
138,5350113.00,,,,,,,,,,,,,,,,,,,,,,,
139,5350114.00,,,,,,,,,,,,,,,,,,,,,,,
140,5350115.00,,,,,,,,,,,,,,,,,,,,,,,
141,5350116.00,,,,,,,,,,,,,,,,,,,,,,,
142,5350117.00,,,,,,,,,,,,,,,,,,,,,,,
143,5350118.00,,,,,,,,,,,,,,,,,,,,,,,
144,5350119.00,,,,,,,,,,,,,,,,,,,,,,,
145,5350120.00,,,,,,,,,,,,,,,,,,,,,,,
146,5350121.00,,,,,,,,,,,,,,,,,,,,,,,
147,5350122.00,,,,,,,,,,,,,,,,,,,,,,,
148,5350123.00,,,,,,,,,,,,,,,,,,,,,,,
149,5350124.00,,,,,,,,,,,,,,,,,,,,,,,
150,5350125.00,,,,,,,,,,,,,,,,,,,,,,,
151,5350126.00,,,,,,,,,,,,,,,,,,,,,,,
152,5350127.00,,,,,,,,,,,,,,,,,,,,,,,
153,5350128.02,,,,,,,,,,,,,,,,,,,,,,,
154,5350128.04,,,,,,,,,,,,,,,,,,,,,,,
155,5350128.05,,,,,,,,,,,,,,,,,,,,,,,
156,5350128.06,,,,,,,,,,,,,,,,,,,,,,,
157,5350129.00,,,,,,,,,,,,,,,,,,,,,,,
158,5350130.00,,,,,,,,,,,,,,,,,,,,,,,
159,5350131.00,,,,,,,,,,,,,,,,,,,,,,,
160,5350132.00,,,,,,,,,,,,,,,,,,,,,,,
161,5350133.00,,,,,,,,,,,,,,,,,,,,,,,
162,5350134.00,,,,,,,,,,,,,,,,,,,,,,,
163,5350135.00,,,,,,,,,,,,,,,,,,,,,,,
164,5350136.01,,,,,,,,,,,,,,,,,,,,,,,
165,5350136.02,,,,,,,,,,,,,,,,,,,,,,,
166,5350137.00,,,,,,,,,,,,,,,,,,,,,,,
167,5350138.00,,,,,,,,,,,,,,,,,,,,,,,
168,5350139.01,,,,,,,,,,,,,,,,,,,,,,,
169,5350139.02,,,,,,,,,,,,,,,,,,,,,,,
170,5350140.00,,,,,,,,,,,,,,,,,,,,,,,
171,5350141.01,,,,,,,,,,,,,,,,,,,,,,,
172,5350141.02,,,,,,,,,,,,,,,,,,,,,,,
173,5350142.00,,,,,,,,,,,,,,,,,,,,,,,
174,5350150.00,,,,,,,,,,,,,,,,,,,,,,,
175,5350151.00,,,,,,,,,,,,,,,,,,,,,,,
176,5350152.00,,,,,,,,,,,,,,,,,,,,,,,
177,5350153.00,,,,,,,,,,,,,,,,,,,,,,,
178,5350154.00,,,,,,,,,,,,,,,,,,,,,,,
179,5350155.00,,,,,,,,,,,,,,,,,,,,,,,
180,5350156.01,,,,,,,,,,,,,,,,,,,,,,,
181,5350156.02,,,,,,,,,,,,,,,,,,,,,,,
182,5350157.00,,,,,,,,,,,,,,,,,,,,,,,
183,5350158.00,,,,,,,,,,,,,,,,,,,,,,,
184,5350159.01,,,,,,,,,,,,,,,,,,,,,,,
185,5350159.02,,,,,,,,,,,,,,,,,,,,,,,
186,5350160.00,,,,,,,,,,,,,,,,,,,,,,,
187,5350161.00,,,,,,,,,,,,,,,,,,,,,,,
188,5350162.00,,,,,,,,,,,,,,,,,,,,,,,
189,5350163.00,,,,,,,,,,,,,,,,,,,,,,,
190,5350164.00,,,,,,,,,,,,,,,,,,,,,,,
191,5350165.00,,,,,,,,,,,,,,,,,,,,,,,
192,5350166.00,,,,,,,,,,,,,,,,,,,,,,,
193,5350167.01,,,,,,,,,,,,,,,,,,,,,,,
194,5350167.02,,,,,,,,,,,,,,,,,,,,,,,
195,5350168.00,,,,,,,,,,,,,,,,,,,,,,,
196,5350169.01,,,,,,,,,,,,,,,,,,,,,,,
197,5350169.02,,,,,,,,,,,,,,,,,,,,,,,
198,5350170.00,,,,,,,,,,,,,,,,,,,,,,,
199,5350171.00,,,,,,,,,,,,,,,,,,,,,,,
200,5350172.00,,,,,,,,,,,,,,,,,,,,,,,
201,5350173.00,,,,,,,,,,,,,,,,,,,,,,,
202,5350174.00,,,,,,,,,,,,,,,,,,,,,,,
203,5350175.01,,,,,,,,,,,,,,,,,,,,,,,
204,5350175.02,,,,,,,,,,,,,,,,,,,,,,,
205,5350176.00,,,,,,,,,,,,,,,,,,,,,,,
206,5350180.00,,,,,,,,,,,,,,,,,,,,,,,
207,5350181.01,,,,,,,,,,,,,,,,,,,,,,,
208,5350181.02,,,,,,,,,,,,,,,,,,,,,,,
209,5350182.00,,,,,,,,,,,,,,,,,,,,,,,
210,5350183.01,,,,,,,,,,,,,,,,,,,,,,,
211,5350183.02,,,,,,,,,,,,,,,,,,,,,,,
212,5350184.01,,,,,,,,,,,,,,,,,,,,,,,
213,5350184.02,,,,,,,,,,,,,,,,,,,,,,,
214,5350185.01,,,,,,,,,,,,,,,,,,,,,,,
215,5350185.02,,,,,,,,,,,,,,,,,,,,,,,
216,5350186.00,,,,,,,,,,,,,,,,,,,,,,,
217,5350187.00,,,,,,,,,,,,,,,,,,,,,,,
218,5350188.00,,,,,,,,,,,,,,,,,,,,,,,
219,5350189.00,,,,,,,,,,,,,,,,,,,,,,,
220,5350190.01,,,,,,,,,,,,,,,,,,,,,,,
221,5350190.02,,,,,,,,,,,,,,,,,,,,,,,
222,5350191.00,,,,,,,,,,,,,,,,,,,,,,,
223,5350192.00,,,,,,,,,,,,,,,,,,,,,,,
224,5350193.00,,,,,,,,,,,,,,,,,,,,,,,
225,5350194.01,,,,,,,,,,,,,,,,,,,,,,,
226,5350194.02,,,,,,,,,,,,,,,,,,,,,,,
227,5350194.03,,,,,,,,,,,,,,,,,,,,,,,
228,5350194.04,,,,,,,,,,,,,,,,,,,,,,,
229,5350195.01,,,,,,,,,,,,,,,,,,,,,,,
230,5350195.02,,,,,,,,,,,,,,,,,,,,,,,
231,5350196.01,,,,,,,,,,,,,,,,,,,,,,,
232,5350196.02,,,,,,,,,,,,,,,,,,,,,,,
233,5350200.01,,,,,,,,,,,,,,,,,,,,,,,
234,5350200.02,,,,,,,,,,,,,,,,,,,,,,,
235,5350201.00,,,,,,,,,,,,,,,,,,,,,,,
236,5350202.00,,,,,,,,,,,,,,,,,,,,,,,
237,5350203.00,,,,,,,,,,,,,,,,,,,,,,,
238,5350204.00,,,,,,,,,,,,,,,,,,,,,,,
239,5350205.00,,,,,,,,,,,,,,,,,,,,,,,
240,5350206.01,,,,,,,,,,,,,,,,,,,,,,,
241,5350206.02,,,,,,,,,,,,,,,,,,,,,,,
242,5350207.00,,,,,,,,,,,,,,,,,,,,,,,
243,5350208.00,,,,,,,,,,,,,,,,,,,,,,,
244,5350209.00,,,,,,,,,,,,,,,,,,,,,,,
245,5350210.01,,,,,,,,,,,,,,,,,,,,,,,
246,5350210.02,,,,,,,,,,,,,,,,,,,,,,,
247,5350211.00,,,,,,,,,,,,,,,,,,,,,,,
248,5350212.00,,,,,,,,,,,,,,,,,,,,,,,
249,5350213.01,,,,,,,,,,,,,,,,,,,,,,,
250,5350213.02,,,,,,,,,,,,,,,,,,,,,,,
251,5350214.00,,,,,,,,,,,,,,,,,,,,,,,
252,5350215.00,,,,,,,,,,,,,,,,,,,,,,,
253,5350216.00,,,,,,,,,,,,,,,,,,,,,,,
254,5350217.00,,,,,,,,,,,,,,,,,,,,,,,
255,5350218.00,,,,,,,,,,,,,,,,,,,,,,,
256,5350219.00,,,,,,,,,,,,,,,,,,,,,,,
257,5350220.00,,,,,,,,,,,,,,,,,,,,,,,
258,5350221.01,,,,,,,,,,,,,,,,,,,,,,,
259,5350221.02,,,,,,,,,,,,,,,,,,,,,,,
260,5350222.01,,,,,,,,,,,,,,,,,,,,,,,
261,5350222.02,,,,,,,,,,,,,,,,,,,,,,,
262,5350223.01,,,,,,,,,,,,,,,,,,,,,,,
263,5350223.02,,,,,,,,,,,,,,,,,,,,,,,
264,5350224.00,,,,,,,,,,,,,,,,,,,,,,,
265,5350225.01,,,,,,,,,,,,,,,,,,,,,,,
266,5350225.02,,,,,,,,,,,,,,,,,,,,,,,
267,5350226.00,,,,,,,,,,,,,,,,,,,,,,,
268,5350227.00,,,,,,,,,,,,,,,,,,,,,,,
269,5350228.00,,,,,,,,,,,,,,,,,,,,,,,
270,5350229.00,,,,,,,,,,,,,,,,,,,,,,,
271,5350230.01,,,,,,,,,,,,,,,,,,,,,,,
272,5350230.02,,,,,,,,,,,,,,,,,,,,,,,
273,5350231.00,,,,,,,,,,,,,,,,,,,,,,,
274,5350232.00,,,,,,,,,,,,,,,,,,,,,,,
275,5350233.00,,,,,,,,,,,,,,,,,,,,,,,
276,5350234.00,,,,,,,,,,,,,,,,,,,,,,,
277,5350235.01,,,,,,,,,,,,,,,,,,,,,,,
278,5350235.02,,,,,,,,,,,,,,,,,,,,,,,
279,5350236.01,,,,,,,,,,,,,,,,,,,,,,,
280,5350236.02,,,,,,,,,,,,,,,,,,,,,,,
281,5350237.01,,,,,,,,,,,,,,,,,,,,,,,
282,5350237.02,,,,,,,,,,,,,,,,,,,,,,,
283,5350237.03,,,,,,,,,,,,,,,,,,,,,,,
284,5350238.01,,,,,,,,,,,,,,,,,,,,,,,
285,5350238.02,,,,,,,,,,,,,,,,,,,,,,,
286,5350239.00,,,,,,,,,,,,,,,,,,,,,,,
287,5350240.01,,,,,,,,,,,,,,,,,,,,,,,
288,5350240.02,,,,,,,,,,,,,,,,,,,,,,,
289,5350241.00,,,,,,,,,,,,,,,,,,,,,,,
290,5350242.00,,,,,,,,,,,,,,,,,,,,,,,
291,5350243.01,,,,,,,,,,,,,,,,,,,,,,,
292,5350243.02,,,,,,,,,,,,,,,,,,,,,,,
293,5350244.01,,,,,,,,,,,,,,,,,,,,,,,
294,5350244.02,,,,,,,,,,,,,,,,,,,,,,,
295,5350245.00,,,,,,,,,,,,,,,,,,,,,,,
296,5350246.00,,,,,,,,,,,,,,,,,,,,,,,
297,5350247.01,,,,,,,,,,,,,,,,,,,,,,,
298,5350247.02,,,,,,,,,,,,,,,,,,,,,,,
299,5350248.02,,,,,,,,,,,,,,,,,,,,,,,
300,5350248.03,,,,,,,,,,,,,,,,,,,,,,,
301,5350248.04,,,,,,,,,,,,,,,,,,,,,,,
302,5350248.05,,,,,,,,,,,,,,,,,,,,,,,
303,5350249.01,,,,,,,,,,,,,,,,,,,,,,,
304,5350249.03,,,,,,,,,,,,,,,,,,,,,,,
305,5350249.04,,,,,,,,,,,,,,,,,,,,,,,
306,5350249.05,,,,,,,,,,,,,,,,,,,,,,,
307,5350250.01,,,,,,,,,,,,,,,,,,,,,,,
308,5350250.02,,,,,,,,,,,,,,,,,,,,,,,
309,5350250.04,,,,,,,,,,,,,,,,,,,,,,,
310,5350250.05,,,,,,,,,,,,,,,,,,,,,,,
311,5350260.01,,,,,,,,,,,,,,,,,,,,,,,
312,5350260.04,,,,,,,,,,,,,,,,,,,,,,,
313,5350260.05,,,,,,,,,,,,,,,,,,,,,,,
314,5350260.06,,,,,,,,,,,,,,,,,,,,,,,
315,5350260.07,,,,,,,,,,,,,,,,,,,,,,,
316,5350261.00,,,,,,,,,,,,,,,,,,,,,,,
317,5350262.01,,,,,,,,,,,,,,,,,,,,,,,
318,5350262.02,,,,,,,,,,,,,,,,,,,,,,,
319,5350263.02,,,,,,,,,,,,,,,,,,,,,,,
320,5350263.03,,,,,,,,,,,,,,,,,,,,,,,
321,5350263.04,,,,,,,,,,,,,,,,,,,,,,,
322,5350264.00,,,,,,,,,,,,,,,,,,,,,,,
323,5350265.00,,,,,,,,,,,,,,,,,,,,,,,
324,5350266.00,,,,,,,,,,,,,,,,,,,,,,,
325,5350267.00,,,,,,,,,,,,,,,,,,,,,,,
326,5350268.00,,,,,,,,,,,,,,,,,,,,,,,
327,5350269.01,,,,,,,,,,,,,,,,,,,,,,,
328,5350269.02,,,,,,,,,,,,,,,,,,,,,,,
329,5350270.01,,,,,,,,,,,,,,,,,,,,,,,
330,5350270.02,,,,,,,,,,,,,,,,,,,,,,,
331,5350271.01,,,,,,,,,,,,,,,,,,,,,,,
332,5350271.02,,,,,,,,,,,,,,,,,,,,,,,
333,5350272.01,,,,,,,,,,,,,,,,,,,,,,,
334,5350272.02,,,,,,,,,,,,,,,,,,,,,,,
335,5350273.01,,,,,,,,,,,,,,,,,,,,,,,
336,5350273.02,,,,,,,,,,,,,,,,,,,,,,,
337,5350274.01,,,,,,,,,,,,,,,,,,,,,,,
338,5350274.02,,,,,,,,,,,,,,,,,,,,,,,
339,5350275.00,,,,,,,,,,,,,,,,,,,,,,,
340,5350276.01,,,,,,,,,,,,,,,,,,,,,,,
341,5350276.02,,,,,,,,,,,,,,,,,,,,,,,
342,5350277.00,,,,,,,,,,,,,,,,,,,,,,,
343,5350278.00,,,,,,,,,,,,,,,,,,,,,,,
344,5350279.01,,,,,,,,,,,,,,,,,,,,,,,
345,5350279.02,,,,,,,,,,,,,,,,,,,,,,,
346,5350280.00,,,,,,,,,,,,,,,,,,,,,,,
347,5350281.01,,,,,,,,,,,,,,,,,,,,,,,
348,5350281.02,,,,,,,,,,,,,,,,,,,,,,,
349,5350282.00,,,,,,,,,,,,,,,,,,,,,,,
350,5350283.01,,,,,,,,,,,,,,,,,,,,,,,
351,5350283.02,,,,,,,,,,,,,,,,,,,,,,,
352,5350284.00,,,,,,,,,,,,,,,,,,,,,,,
353,5350285.00,,,,,,,,,,,,,,,,,,,,,,,
354,5350286.00,,,,,,,,,,,,,,,,,,,,,,,
355,5350287.02,,,,,,,,,,,,,,,,,,,,,,,
356,5350287.03,,,,,,,,,,,,,,,,,,,,,,,
357,5350287.04,,,,,,,,,,,,,,,,,,,,,,,
358,5350288.00,,,,,,,,,,,,,,,,,,,,,,,
359,5350289.00,,,,,,,,,,,,,,,,,,,,,,,
360,5350290.01,,,,,,,,,,,,,,,,,,,,,,,
361,5350290.02,,,,,,,,,,,,,,,,,,,,,,,
362,5350291.02,,,,,,,,,,,,,,,,,,,,,,,
363,5350291.03,,,,,,,,,,,,,,,,,,,,,,,
364,5350291.04,,,,,,,,,,,,,,,,,,,,,,,
365,5350292.00,,,,,,,,,,,,,,,,,,,,,,,
366,5350293.00,,,,,,,,,,,,,,,,,,,,,,,
367,5350294.01,,,,,,,,,,,,,,,,,,,,,,,
368,5350294.02,,,,,,,,,,,,,,,,,,,,,,,
369,5350295.00,,,,,,,,,,,,,,,,,,,,,,,
370,5350296.00,,,,,,,,,,,,,,,,,,,,,,,
371,5350297.01,,,,,,,,,,,,,,,,,,,,,,,
372,5350297.02,,,,,,,,,,,,,,,,,,,,,,,
373,5350298.00,,,,,,,,,,,,,,,,,,,,,,,
374,5350299.01,,,,,,,,,,,,,,,,,,,,,,,
375,5350299.02,,,,,,,,,,,,,,,,,,,,,,,
376,5350300.00,,,,,,,,,,,,,,,,,,,,,,,
377,5350301.01,,,,,,,,,,,,,,,,,,,,,,,
378,5350301.03,,,,,,,,,,,,,,,,,,,,,,,
379,5350301.04,,,,,,,,,,,,,,,,,,,,,,,
380,5350302.01,,,,,,,,,,,,,,,,,,,,,,,
381,5350302.02,,,,,,,,,,,,,,,,,,,,,,,
382,5350302.03,,,,,,,,,,,,,,,,,,,,,,,
383,5350303.00,,,,,,,,,,,,,,,,,,,,,,,
384,5350304.01,,,,,,,,,,,,,,,,,,,,,,,
385,5350304.02,,,,,,,,,,,,,,,,,,,,,,,
386,5350304.03,,,,,,,,,,,,,,,,,,,,,,,
387,5350304.04,,,,,,,,,,,,,,,,,,,,,,,
388,5350304.05,,,,,,,,,,,,,,,,,,,,,,,
389,5350304.06,,,,,,,,,,,,,,,,,,,,,,,
390,5350305.01,,,,,,,,,,,,,,,,,,,,,,,
391,5350305.03,,,,,,,,,,,,,,,,,,,,,,,
392,5350305.04,,,,,,,,,,,,,,,,,,,,,,,
393,5350306.01,,,,,,,,,,,,,,,,,,,,,,,
394,5350306.02,,,,,,,,,,,,,,,,,,,,,,,
395,5350307.03,,,,,,,,,,,,,,,,,,,,,,,
396,5350307.04,,,,,,,,,,,,,,,,,,,,,,,
397,5350307.05,,,,,,,,,,,,,,,,,,,,,,,
398,5350307.06,,,,,,,,,,,,,,,,,,,,,,,
399,5350307.07,,,,,,,,,,,,,,,,,,,,,,,
400,5350308.02,,,,,,,,,,,,,,,,,,,,,,,
401,5350308.03,,,,,,,,,,,,,,,,,,,,,,,
402,5350308.04,,,,,,,,,,,,,,,,,,,,,,,
403,5350309.00,,,,,,,,,,,,,,,,,,,,,,,
404,5350310.01,,,,,,,,,,,,,,,,,,,,,,,
405,5350310.02,,,,,,,,,,,,,,,,,,,,,,,
406,5350311.02,,,,,,,,,,,,,,,,,,,,,,,
407,5350311.03,,,,,,,,,,,,,,,,,,,,,,,
408,5350311.04,,,,,,,,,,,,,,,,,,,,,,,
409,5350311.05,,,,,,,,,,,,,,,,,,,,,,,
410,5350311.06,,,,,,,,,,,,,,,,,,,,,,,
411,5350312.02,,,,,,,,,,,,,,,,,,,,,,,
412,5350312.03,,,,,,,,,,,,,,,,,,,,,,,
413,5350312.04,,,,,,,,,,,,,,,,,,,,,,,
414,5350312.05,,,,,,,,,,,,,,,,,,,,,,,
415,5350312.06,,,,,,,,,,,,,,,,,,,,,,,
416,5350312.07,,,,,,,,,,,,,,,,,,,,,,,
417,5350313.00,,,,,,,,,,,,,,,,,,,,,,,
418,5350314.01,,,,,,,,,,,,,,,,,,,,,,,
419,5350314.02,,,,,,,,,,,,,,,,,,,,,,,
420,5350315.01,,,,,,,,,,,,,,,,,,,,,,,
421,5350315.02,,,,,,,,,,,,,,,,,,,,,,,
422,5350315.03,,,,,,,,,,,,,,,,,,,,,,,
423,5350316.01,,,,,,,,,,,,,,,,,,,,,,,
424,5350316.03,,,,,,,,,,,,,,,,,,,,,,,
425,5350316.04,,,,,,,,,,,,,,,,,,,,,,,
426,5350316.05,,,,,,,,,,,,,,,,,,,,,,,
427,5350316.06,,,,,,,,,,,,,,,,,,,,,,,
428,5350317.02,,,,,,,,,,,,,,,,,,,,,,,
429,5350317.03,,,,,,,,,,,,,,,,,,,,,,,
430,5350317.04,,,,,,,,,,,,,,,,,,,,,,,
431,5350317.05,,,,,,,,,,,,,,,,,,,,,,,
432,5350318.00,,,,,,,,,,,,,,,,,,,,,,,
433,5350319.00,,,,,,,,,,,,,,,,,,,,,,,
434,5350320.01,,,,,,,,,,,,,,,,,,,,,,,
435,5350320.02,,,,,,,,,,,,,,,,,,,,,,,
436,5350321.01,,,,,,,,,,,,,,,,,,,,,,,
437,5350321.02,,,,,,,,,,,,,,,,,,,,,,,
438,5350322.01,,,,,,,,,,,,,,,,,,,,,,,
439,5350322.02,,,,,,,,,,,,,,,,,,,,,,,
440,5350323.01,,,,,,,,,,,,,,,,,,,,,,,
441,5350323.02,,,,,,,,,,,,,,,,,,,,,,,
442,5350324.01,,,,,,,,,,,,,,,,,,,,,,,
443,5350324.02,,,,,,,,,,,,,,,,,,,,,,,
444,5350324.03,,,,,,,,,,,,,,,,,,,,,,,
445,5350324.05,,,,,,,,,,,,,,,,,,,,,,,
446,5350324.06,,,,,,,,,,,,,,,,,,,,,,,
447,5350330.00,,,,,,,,,,,,,,,,,,,,,,,
448,5350331.01,,,,,,,,,,,,,,,,,,,,,,,
449,5350331.03,,,,,,,,,,,,,,,,,,,,,,,
450,5350331.04,,,,,,,,,,,,,,,,,,,,,,,
451,5350332.00,,,,,,,,,,,,,,,,,,,,,,,
452,5350333.00,,,,,,,,,,,,,,,,,,,,,,,
453,5350334.00,,,,,,,,,,,,,,,,,,,,,,,
454,5350335.00,,,,,,,,,,,,,,,,,,,,,,,
455,5350336.00,,,,,,,,,,,,,,,,,,,,,,,
456,5350337.01,,,,,,,,,,,,,,,,,,,,,,,
457,5350337.02,,,,,,,,,,,,,,,,,,,,,,,
458,5350338.00,,,,,,,,,,,,,,,,,,,,,,,
459,5350339.00,,,,,,,,,,,,,,,,,,,,,,,
460,5350340.00,,,,,,,,,,,,,,,,,,,,,,,
461,5350341.02,,,,,,,,,,,,,,,,,,,,,,,
462,5350341.03,,,,,,,,,,,,,,,,,,,,,,,
463,5350341.04,,,,,,,,,,,,,,,,,,,,,,,
464,5350342.00,,,,,,,,,,,,,,,,,,,,,,,
465,5350343.00,,,,,,,,,,,,,,,,,,,,,,,
466,5350344.01,,,,,,,,,,,,,,,,,,,,,,,
467,5350344.02,,,,,,,,,,,,,,,,,,,,,,,
468,5350345.00,,,,,,,,,,,,,,,,,,,,,,,
469,5350346.01,,,,,,,,,,,,,,,,,,,,,,,
470,5350346.02,,,,,,,,,,,,,,,,,,,,,,,
471,5350347.00,,,,,,,,,,,,,,,,,,,,,,,
472,5350348.00,,,,,,,,,,,,,,,,,,,,,,,
473,5350349.00,,,,,,,,,,,,,,,,,,,,,,,
474,5350350.00,,,,,,,,,,,,,,,,,,,,,,,
475,5350351.01,,,,,,,,,,,,,,,,,,,,,,,
476,5350351.02,,,,,,,,,,,,,,,,,,,,,,,
477,5350352.00,,,,,,,,,,,,,,,,,,,,,,,
478,5350353.02,,,,,,,,,,,,,,,,,,,,,,,
479,5350353.03,,,,,,,,,,,,,,,,,,,,,,,
480,5350353.04,,,,,,,,,,,,,,,,,,,,,,,
481,5350354.00,,,,,,,,,,,,,,,,,,,,,,,
482,5350355.02,,,,,,,,,,,,,,,,,,,,,,,
483,5350355.04,,,,,,,,,,,,,,,,,,,,,,,
484,5350355.05,,,,,,,,,,,,,,,,,,,,,,,
485,5350355.06,,,,,,,,,,,,,,,,,,,,,,,
486,5350356.00,,,,,,,,,,,,,,,,,,,,,,,
487,5350357.01,,,,,,,,,,,,,,,,,,,,,,,
488,5350357.02,,,,,,,,,,,,,,,,,,,,,,,
489,5350358.01,,,,,,,,,,,,,,,,,,,,,,,
490,5350358.02,,,,,,,,,,,,,,,,,,,,,,,
491,5350358.03,,,,,,,,,,,,,,,,,,,,,,,
492,5350359.00,,,,,,,,,,,,,,,,,,,,,,,
493,5350360.00,,,,,,,,,,,,,,,,,,,,,,,
494,5350361.01,,,,,,,,,,,,,,,,,,,,,,,
495,5350361.02,,,,,,,,,,,,,,,,,,,,,,,
496,5350362.01,,,,,,,,,,,,,,,,,,,,,,,
497,5350362.02,,,,,,,,,,,,,,,,,,,,,,,
498,5350362.03,,,,,,,,,,,,,,,,,,,,,,,
499,5350362.04,,,,,,,,,,,,,,,,,,,,,,,
500,5350363.02,,,,,,,,,,,,,,,,,,,,,,,
501,5350363.04,,,,,,,,,,,,,,,,,,,,,,,
502,5350363.05,,,,,,,,,,,,,,,,,,,,,,,
503,5350363.06,,,,,,,,,,,,,,,,,,,,,,,
504,5350363.07,,,,,,,,,,,,,,,,,,,,,,,
505,5350364.01,,,,,,,,,,,,,,,,,,,,,,,
506,5350364.02,,,,,,,,,,,,,,,,,,,,,,,
507,5350365.00,,,,,,,,,,,,,,,,,,,,,,,
508,5350366.00,,,,,,,,,,,,,,,,,,,,,,,
509,5350367.01,,,,,,,,,,,,,,,,,,,,,,,
510,5350367.02,,,,,,,,,,,,,,,,,,,,,,,
511,5350368.01,,,,,,,,,,,,,,,,,,,,,,,
512,5350368.02,,,,,,,,,,,,,,,,,,,,,,,
513,5350369.00,,,,,,,,,,,,,,,,,,,,,,,
514,5350370.01,,,,,,,,,,,,,,,,,,,,,,,
515,5350370.02,,,,,,,,,,,,,,,,,,,,,,,
516,5350370.03,,,,,,,,,,,,,,,,,,,,,,,
517,5350371.00,,,,,,,,,,,,,,,,,,,,,,,
518,5350372.00,,,,,,,,,,,,,,,,,,,,,,,
519,5350373.00,,,,,,,,,,,,,,,,,,,,,,,
520,5350374.01,,,,,,,,,,,,,,,,,,,,,,,
521,5350374.02,,,,,,,,,,,,,,,,,,,,,,,
522,5350374.03,,,,,,,,,,,,,,,,,,,,,,,
523,5350375.01,,,,,,,,,,,,,,,,,,,,,,,
524,5350375.02,,,,,,,,,,,,,,,,,,,,,,,
525,5350375.03,,,,,,,,,,,,,,,,,,,,,,,
526,5350375.04,,,,,,,,,,,,,,,,,,,,,,,
527,5350375.05,,,,,,,,,,,,,,,,,,,,,,,
528,5350376.01,,,,,,,,,,,,,,,,,,,,,,,
529,5350376.02,,,,,,,,,,,,,,,,,,,,,,,
530,5350376.04,,,,,,,,,,,,,,,,,,,,,,,
531,5350376.05,,,,,,,,,,,,,,,,,,,,,,,
532,5350376.06,,,,,,,,,,,,,,,,,,,,,,,
533,5350376.08,,,,,,,,,,,,,,,,,,,,,,,
534,5350376.09,,,,,,,,,,,,,,,,,,,,,,,
535,5350376.11,,,,,,,,,,,,,,,,,,,,,,,
536,5350376.12,,,,,,,,,,,,,,,,,,,,,,,
537,5350376.13,,,,,,,,,,,,,,,,,,,,,,,
538,5350376.14,,,,,,,,,,,,,,,,,,,,,,,
539,5350376.15,,,,,,,,,,,,,,,,,,,,,,,
540,5350376.16,,,,,,,,,,,,,,,,,,,,,,,
541,5350377.01,,,,,,,,,,,,,,,,,,,,,,,
542,5350377.02,,,,,,,,,,,,,,,,,,,,,,,
543,5350377.03,,,,,,,,,,,,,,,,,,,,,,,
544,5350377.04,,,,,,,,,,,,,,,,,,,,,,,
545,5350377.06,,,,,,,,,,,,,,,,,,,,,,,
546,5350377.07,,,,,,,,,,,,,,,,,,,,,,,
547,5350378.02,,,,,,,,,,,,,,,,,,,,,,,
548,5350378.03,,,,,,,,,,,,,,,,,,,,,,,
549,5350378.04,,,,,,,,,,,,,,,,,,,,,,,
550,5350378.05,,,,,,,,,,,,,,,,,,,,,,,
551,5350378.06,,,,,,,,,,,,,,,,,,,,,,,
552,5350378.07,,,,,,,,,,,,,,,,,,,,,,,
553,5350378.08,,,,,,,,,,,,,,,,,,,,,,,
554,5350378.11,,,,,,,,,,,,,,,,,,,,,,,
555,5350378.12,,,,,,,,,,,,,,,,,,,,,,,
556,5350378.14,,,,,,,,,,,,,,,,,,,,,,,
557,5350378.16,,,,,,,,,,,,,,,,,,,,,,,
558,5350378.17,,,,,,,,,,,,,,,,,,,,,,,
559,5350378.18,,,,,,,,,,,,,,,,,,,,,,,
560,5350378.19,,,,,,,,,,,,,,,,,,,,,,,
561,5350378.20,,,,,,,,,,,,,,,,,,,,,,,
562,5350378.21,,,,,,,,,,,,,,,,,,,,,,,
563,5350378.22,,,,,,,,,,,,,,,,,,,,,,,
564,5350378.23,,,,,,,,,,,,,,,,,,,,,,,
565,5350378.24,,,,,,,,,,,,,,,,,,,,,,,
566,5350378.25,,,,,,,,,,,,,,,,,,,,,,,
567,5350378.26,,,,,,,,,,,,,,,,,,,,,,,
568,5350378.27,,,,,,,,,,,,,,,,,,,,,,,
569,5350378.28,,,,,,,,,,,,,,,,,,,,,,,
570,5350400.02,,,,,,,,,,,,,,,,,,,,,,,
571,5350400.03,,,,,,,,,,,,,,,,,,,,,,,
572,5350400.04,,,,,,,,,,,,,,,,,,,,,,,
573,5350400.06,,,,,,,,,,,,,,,,,,,,,,,
574,5350400.07,,,,,,,,,,,,,,,,,,,,,,,
575,5350400.08,,,,,,,,,,,,,,,,,,,,,,,
576,5350400.11,,,,,,,,,,,,,,,,,,,,,,,
577,5350400.12,,,,,,,,,,,,,,,,,,,,,,,
578,5350400.13,,,,,,,,,,,,,,,,,,,,,,,
579,5350400.14,,,,,,,,,,,,,,,,,,,,,,,
580,5350400.15,,,,,,,,,,,,,,,,,,,,,,,
581,5350400.16,,,,,,,,,,,,,,,,,,,,,,,
582,5350400.17,,,,,,,,,,,,,,,,,,,,,,,
583,5350400.18,,,,,,,,,,,,,,,,,,,,,,,
584,5350400.19,,,,,,,,,,,,,,,,,,,,,,,
585,5350400.20,,,,,,,,,,,,,,,,,,,,,,,
586,5350400.21,,,,,,,,,,,,,,,,,,,,,,,
587,5350400.22,,,,,,,,,,,,,,,,,,,,,,,
588,5350400.23,,,,,,,,,,,,,,,,,,,,,,,
589,5350401.04,,,,,,,,,,,,,,,,,,,,,,,
590,5350401.05,,,,,,,,,,,,,,,,,,,,,,,
591,5350401.06,,,,,,,,,,,,,,,,,,,,,,,
592,5350401.07,,,,,,,,,,,,,,,,,,,,,,,
593,5350401.08,,,,,,,,,,,,,,,,,,,,,,,
594,5350401.09,,,,,,,,,,,,,,,,,,,,,,,
595,5350401.10,,,,,,,,,,,,,,,,,,,,,,,
596,5350401.11,,,,,,,,,,,,,,,,,,,,,,,
597,5350401.13,,,,,,,,,,,,,,,,,,,,,,,
598,5350401.14,,,,,,,,,,,,,,,,,,,,,,,
599,5350401.15,,,,,,,,,,,,,,,,,,,,,,,
600,5350401.17,,,,,,,,,,,,,,,,,,,,,,,
601,5350401.18,,,,,,,,,,,,,,,,,,,,,,,
602,5350401.19,,,,,,,,,,,,,,,,,,,,,,,
603,5350401.20,,,,,,,,,,,,,,,,,,,,,,,
604,5350401.21,,,,,,,,,,,,,,,,,,,,,,,
605,5350401.22,,,,,,,,,,,,,,,,,,,,,,,
606,5350401.23,,,,,,,,,,,,,,,,,,,,,,,
607,5350402.01,,,,,,,,,,,,,,,,,,,,,,,
608,5350402.02,,,,,,,,,,,,,,,,,,,,,,,
609,5350402.03,,,,,,,,,,,,,,,,,,,,,,,
610,5350402.04,,,,,,,,,,,,,,,,,,,,,,,
611,5350402.05,,,,,,,,,,,,,,,,,,,,,,,
612,5350402.06,,,,,,,,,,,,,,,,,,,,,,,
613,5350402.07,,,,,,,,,,,,,,,,,,,,,,,
614,5350402.08,,,,,,,,,,,,,,,,,,,,,,,
615,5350402.09,,,,,,,,,,,,,,,,,,,,,,,
616,5350402.10,,,,,,,,,,,,,,,,,,,,,,,
617,5350402.12,,,,,,,,,,,,,,,,,,,,,,,
618,5350402.13,,,,,,,,,,,,,,,,,,,,,,,
619,5350403.01,,,,,,,,,,,,,,,,,,,,,,,
620,5350403.04,,,,,,,,,,,,,,,,,,,,,,,
621,5350403.05,,,,,,,,,,,,,,,,,,,,,,,
622,5350403.07,,,,,,,,,,,,,,,,,,,,,,,
623,5350403.09,,,,,,,,,,,,,,,,,,,,,,,
624,5350403.10,,,,,,,,,,,,,,,,,,,,,,,
625,5350403.11,,,,,,,,,,,,,,,,,,,,,,,
626,5350403.12,,,,,,,,,,,,,,,,,,,,,,,
627,5350403.13,,,,,,,,,,,,,,,,,,,,,,,
628,5350403.14,,,,,,,,,,,,,,,,,,,,,,,
629,5350403.15,,,,,,,,,,,,,,,,,,,,,,,
630,5350403.16,,,,,,,,,,,,,,,,,,,,,,,
631,5350410.02,,,,,,,,,,,,,,,,,,,,,,,
632,5350410.03,,,,,,,,,,,,,,,,,,,,,,,
633,5350410.04,,,,,,,,,,,,,,,,,,,,,,,
634,5350410.05,,,,,,,,,,,,,,,,,,,,,,,
635,5350410.07,,,,,,,,,,,,,,,,,,,,,,,
636,5350410.09,,,,,,,,,,,,,,,,,,,,,,,
637,5350410.10,,,,,,,,,,,,,,,,,,,,,,,
638,5350410.11,,,,,,,,,,,,,,,,,,,,,,,
639,5350410.12,,,,,,,,,,,,,,,,,,,,,,,
640,5350410.13,,,,,,,,,,,,,,,,,,,,,,,
641,5350410.14,,,,,,,,,,,,,,,,,,,,,,,
642,5350410.15,,,,,,,,,,,,,,,,,,,,,,,
643,5350411.01,,,,,,,,,,,,,,,,,,,,,,,
644,5350411.04,,,,,,,,,,,,,,,,,,,,,,,
645,5350411.07,,,,,,,,,,,,,,,,,,,,,,,
646,5350411.08,,,,,,,,,,,,,,,,,,,,,,,
647,5350411.09,,,,,,,,,,,,,,,,,,,,,,,
648,5350411.12,,,,,,,,,,,,,,,,,,,,,,,
649,5350411.15,,,,,,,,,,,,,,,,,,,,,,,
650,5350411.16,,,,,,,,,,,,,,,,,,,,,,,
651,5350411.17,,,,,,,,,,,,,,,,,,,,,,,
652,5350411.18,,,,,,,,,,,,,,,,,,,,,,,
653,5350411.19,,,,,,,,,,,,,,,,,,,,,,,
654,5350411.21,,,,,,,,,,,,,,,,,,,,,,,
655,5350411.22,,,,,,,,,,,,,,,,,,,,,,,
656,5350411.23,,,,,,,,,,,,,,,,,,,,,,,
657,5350411.24,,,,,,,,,,,,,,,,,,,,,,,
658,5350411.25,,,,,,,,,,,,,,,,,,,,,,,
659,5350411.26,,,,,,,,,,,,,,,,,,,,,,,
660,5350411.27,,,,,,,,,,,,,,,,,,,,,,,
661,5350411.28,,,,,,,,,,,,,,,,,,,,,,,
662,5350411.29,,,,,,,,,,,,,,,,,,,,,,,
663,5350411.30,,,,,,,,,,,,,,,,,,,,,,,
664,5350412.01,,,,,,,,,,,,,,,,,,,,,,,
665,5350412.02,,,,,,,,,,,,,,,,,,,,,,,
666,5350412.04,,,,,,,,,,,,,,,,,,,,,,,
667,5350412.06,,,,,,,,,,,,,,,,,,,,,,,
668,5350412.08,,,,,,,,,,,,,,,,,,,,,,,
669,5350412.10,,,,,,,,,,,,,,,,,,,,,,,
670,5350412.11,,,,,,,,,,,,,,,,,,,,,,,
671,5350412.12,,,,,,,,,,,,,,,,,,,,,,,
672,5350412.13,,,,,,,,,,,,,,,,,,,,,,,
673,5350412.14,,,,,,,,,,,,,,,,,,,,,,,
674,5350412.15,,,,,,,,,,,,,,,,,,,,,,,
675,5350412.18,,,,,,,,,,,,,,,,,,,,,,,
676,5350412.19,,,,,,,,,,,,,,,,,,,,,,,
677,5350412.20,,,,,,,,,,,,,,,,,,,,,,,
678,5350412.21,,,,,,,,,,,,,,,,,,,,,,,
679,5350412.22,,,,,,,,,,,,,,,,,,,,,,,
680,5350412.24,,,,,,,,,,,,,,,,,,,,,,,
681,5350412.25,,,,,,,,,,,,,,,,,,,,,,,
682,5350412.26,,,,,,,,,,,,,,,,,,,,,,,
683,5350413.01,,,,,,,,,,,,,,,,,,,,,,,
684,5350413.02,,,,,,,,,,,,,,,,,,,,,,,
685,5350420.03,,,,,,,,,,,,,,,,,,,,,,,
686,5350420.05,,,,,,,,,,,,,,,,,,,,,,,
687,5350420.06,,,,,,,,,,,,,,,,,,,,,,,
688,5350420.08,,,,,,,,,,,,,,,,,,,,,,,
689,5350420.09,,,,,,,,,,,,,,,,,,,,,,,
690,5350420.10,,,,,,,,,,,,,,,,,,,,,,,
691,5350420.11,,,,,,,,,,,,,,,,,,,,,,,
692,5350420.13,,,,,,,,,,,,,,,,,,,,,,,
693,5350420.14,,,,,,,,,,,,,,,,,,,,,,,
694,5350420.15,,,,,,,,,,,,,,,,,,,,,,,
695,5350421.01,,,,,,,,,,,,,,,,,,,,,,,
696,5350421.04,,,,,,,,,,,,,,,,,,,,,,,
697,5350421.05,,,,,,,,,,,,,,,,,,,,,,,
698,5350421.06,,,,,,,,,,,,,,,,,,,,,,,
699,5350421.07,,,,,,,,,,,,,,,,,,,,,,,
700,5350422.02,,,,,,,,,,,,,,,,,,,,,,,
701,5350422.03,,,,,,,,,,,,,,,,,,,,,,,
702,5350422.04,,,,,,,,,,,,,,,,,,,,,,,
703,5350422.05,,,,,,,,,,,,,,,,,,,,,,,
704,5350422.06,,,,,,,,,,,,,,,,,,,,,,,
705,5350423.01,,,,,,,,,,,,,,,,,,,,,,,
706,5350423.02,,,,,,,,,,,,,,,,,,,,,,,
707,5350424.04,,,,,,,,,,,,,,,,,,,,,,,
708,5350424.05,,,,,,,,,,,,,,,,,,,,,,,
709,5350424.07,,,,,,,,,,,,,,,,,,,,,,,
710,5350424.08,,,,,,,,,,,,,,,,,,,,,,,
711,5350424.09,,,,,,,,,,,,,,,,,,,,,,,
712,5350424.10,,,,,,,,,,,,,,,,,,,,,,,
713,5350424.11,,,,,,,,,,,,,,,,,,,,,,,
714,5350424.13,,,,,,,,,,,,,,,,,,,,,,,
715,5350424.14,,,,,,,,,,,,,,,,,,,,,,,
716,5350424.15,,,,,,,,,,,,,,,,,,,,,,,
717,5350424.16,,,,,,,,,,,,,,,,,,,,,,,
718,5350430.03,,,,,,,,,,,,,,,,,,,,,,,
719,5350430.05,,,,,,,,,,,,,,,,,,,,,,,
720,5350430.06,,,,,,,,,,,,,,,,,,,,,,,
721,5350430.07,,,,,,,,,,,,,,,,,,,,,,,
722,5350430.08,,,,,,,,,,,,,,,,,,,,,,,
723,5350431.01,,,,,,,,,,,,,,,,,,,,,,,
724,5350431.02,,,,,,,,,,,,,,,,,,,,,,,
725,5350440.00,,,,,,,,,,,,,,,,,,,,,,,
726,5350441.02,,,,,,,,,,,,,,,,,,,,,,,
727,5350441.03,,,,,,,,,,,,,,,,,,,,,,,
728,5350441.04,,,,,,,,,,,,,,,,,,,,,,,
729,5350442.02,,,,,,,,,,,,,,,,,,,,,,,
730,5350442.03,,,,,,,,,,,,,,,,,,,,,,,
731,5350442.04,,,,,,,,,,,,,,,,,,,,,,,
732,5350442.05,,,,,,,,,,,,,,,,,,,,,,,
733,5350442.06,,,,,,,,,,,,,,,,,,,,,,,
734,5350450.02,,,,,,,,,,,,,,,,,,,,,,,
735,5350450.03,,,,,,,,,,,,,,,,,,,,,,,
736,5350450.05,,,,,,,,,,,,,,,,,,,,,,,
737,5350450.06,,,,,,,,,,,,,,,,,,,,,,,
738,5350451.01,,,,,,,,,,,,,,,,,,,,,,,
739,5350451.02,,,,,,,,,,,,,,,,,,,,,,,
740,5350451.03,,,,,,,,,,,,,,,,,,,,,,,
741,5350451.05,,,,,,,,,,,,,,,,,,,,,,,
742,5350451.06,,,,,,,,,,,,,,,,,,,,,,,
743,5350451.07,,,,,,,,,,,,,,,,,,,,,,,
744,5350452.01,,,,,,,,,,,,,,,,,,,,,,,
745,5350452.02,,,,,,,,,,,,,,,,,,,,,,,
746,5350452.03,,,,,,,,,,,,,,,,,,,,,,,
747,5350452.05,,,,,,,,,,,,,,,,,,,,,,,
748,5350452.06,,,,,,,,,,,,,,,,,,,,,,,
749,5350452.07,,,,,,,,,,,,,,,,,,,,,,,
750,5350455.00,,,,,,,,,,,,,,,,,,,,,,,
751,5350456.01,,,,,,,,,,,,,,,,,,,,,,,
752,5350456.02,,,,,,,,,,,,,,,,,,,,,,,
753,5350456.03,,,,,,,,,,,,,,,,,,,,,,,
754,5350460.01,,,,,,,,,,,,,,,,,,,,,,,
755,5350460.02,,,,,,,,,,,,,,,,,,,,,,,
756,5350461.01,,,,,,,,,,,,,,,,,,,,,,,
757,5350461.02,,,,,,,,,,,,,,,,,,,,,,,
758,5350470.00,,,,,,,,,,,,,,,,,,,,,,,
759,5350471.00,,,,,,,,,,,,,,,,,,,,,,,
760,5350472.00,,,,,,,,,,,,,,,,,,,,,,,
761,5350473.01,,,,,,,,,,,,,,,,,,,,,,,
762,5350473.02,,,,,,,,,,,,,,,,,,,,,,,
763,5350473.03,,,,,,,,,,,,,,,,,,,,,,,
764,5350474.00,,,,,,,,,,,,,,,,,,,,,,,
765,5350475.00,,,,,,,,,,,,,,,,,,,,,,,
766,5350476.01,,,,,,,,,,,,,,,,,,,,,,,
767,5350476.02,,,,,,,,,,,,,,,,,,,,,,,
768,5350500.01,,,,,,,,,,,,,,,,,,,,,,,
769,5350500.02,,,,,,,,,,,,,,,,,,,,,,,
770,5350501.01,,,,,,,,,,,,,,,,,,,,,,,
771,5350501.02,,,,,,,,,,,,,,,,,,,,,,,
772,5350502.01,,,,,,,,,,,,,,,,,,,,,,,
773,5350502.02,,,,,,,,,,,,,,,,,,,,,,,
774,5350503.00,,,,,,,,,,,,,,,,,,,,,,,
775,5350504.00,,,,,,,,,,,,,,,,,,,,,,,
776,5350505.01,,,,,,,,,,,,,,,,,,,,,,,
777,5350505.02,,,,,,,,,,,,,,,,,,,,,,,
778,5350506.00,,,,,,,,,,,,,,,,,,,,,,,
779,5350507.00,,,,,,,,,,,,,,,,,,,,,,,
780,5350508.00,,,,,,,,,,,,,,,,,,,,,,,
781,5350509.01,,,,,,,,,,,,,,,,,,,,,,,
782,5350509.02,,,,,,,,,,,,,,,,,,,,,,,
783,5350510.00,,,,,,,,,,,,,,,,,,,,,,,
784,5350511.01,,,,,,,,,,,,,,,,,,,,,,,
785,5350511.02,,,,,,,,,,,,,,,,,,,,,,,
786,5350512.00,,,,,,,,,,,,,,,,,,,,,,,
787,5350513.01,,,,,,,,,,,,,,,,,,,,,,,
788,5350513.02,,,,,,,,,,,,,,,,,,,,,,,
789,5350513.03,,,,,,,,,,,,,,,,,,,,,,,
790,5350513.04,,,,,,,,,,,,,,,,,,,,,,,
791,5350514.01,,,,,,,,,,,,,,,,,,,,,,,
792,5350514.02,,,,,,,,,,,,,,,,,,,,,,,
793,5350515.01,,,,,,,,,,,,,,,,,,,,,,,
794,5350515.02,,,,,,,,,,,,,,,,,,,,,,,
795,5350516.01,,,,,,,,,,,,,,,,,,,,,,,
796,5350516.02,,,,,,,,,,,,,,,,,,,,,,,
797,5350516.03,,,,,,,,,,,,,,,,,,,,,,,
798,5350516.04,,,,,,,,,,,,,,,,,,,,,,,
799,5350516.05,,,,,,,,,,,,,,,,,,,,,,,
800,5350516.06,,,,,,,,,,,,,,,,,,,,,,,
801,5350516.08,,,,,,,,,,,,,,,,,,,,,,,
802,5350516.09,,,,,,,,,,,,,,,,,,,,,,,
803,5350516.11,,,,,,,,,,,,,,,,,,,,,,,
804,5350516.16,,,,,,,,,,,,,,,,,,,,,,,
805,5350516.17,,,,,,,,,,,,,,,,,,,,,,,
806,5350516.18,,,,,,,,,,,,,,,,,,,,,,,
807,5350516.20,,,,,,,,,,,,,,,,,,,,,,,
808,5350516.21,,,,,,,,,,,,,,,,,,,,,,,
809,5350516.22,,,,,,,,,,,,,,,,,,,,,,,
810,5350516.23,,,,,,,,,,,,,,,,,,,,,,,
811,5350516.24,,,,,,,,,,,,,,,,,,,,,,,
812,5350516.25,,,,,,,,,,,,,,,,,,,,,,,
813,5350516.26,,,,,,,,,,,,,,,,,,,,,,,
814,5350516.28,,,,,,,,,,,,,,,,,,,,,,,
815,5350516.29,,,,,,,,,,,,,,,,,,,,,,,
816,5350516.30,,,,,,,,,,,,,,,,,,,,,,,
817,5350516.31,,,,,,,,,,,,,,,,,,,,,,,
818,5350516.32,,,,,,,,,,,,,,,,,,,,,,,
819,5350516.37,,,,,,,,,,,,,,,,,,,,,,,
820,5350516.38,,,,,,,,,,,,,,,,,,,,,,,
821,5350516.39,,,,,,,,,,,,,,,,,,,,,,,
822,5350516.40,,,,,,,,,,,,,,,,,,,,,,,
823,5350516.41,,,,,,,,,,,,,,,,,,,,,,,
824,5350516.42,,,,,,,,,,,,,,,,,,,,,,,
825,5350516.43,,,,,,,,,,,,,,,,,,,,,,,
826,5350516.44,,,,,,,,,,,,,,,,,,,,,,,
827,5350516.46,,,,,,,,,,,,,,,,,,,,,,,
828,5350516.47,,,,,,,,,,,,,,,,,,,,,,,
829,5350516.48,,,,,,,,,,,,,,,,,,,,,,,
830,5350516.49,,,,,,,,,,,,,,,,,,,,,,,
831,5350517.00,,,,,,,,,,,,,,,,,,,,,,,
832,5350518.00,,,,,,,,,,,,,,,,,,,,,,,
833,5350519.00,,,,,,,,,,,,,,,,,,,,,,,
834,5350520.01,,,,,,,,,,,,,,,,,,,,,,,
835,5350520.02,,,,,,,,,,,,,,,,,,,,,,,
836,5350520.05,,,,,,,,,,,,,,,,,,,,,,,
837,5350520.07,,,,,,,,,,,,,,,,,,,,,,,
838,5350520.08,,,,,,,,,,,,,,,,,,,,,,,
839,5350520.09,,,,,,,,,,,,,,,,,,,,,,,
840,5350520.10,,,,,,,,,,,,,,,,,,,,,,,
841,5350521.01,,,,,,,,,,,,,,,,,,,,,,,
842,5350521.02,,,,,,,,,,,,,,,,,,,,,,,
843,5350521.03,,,,,,,,,,,,,,,,,,,,,,,
844,5350521.04,,,,,,,,,,,,,,,,,,,,,,,
845,5350521.05,,,,,,,,,,,,,,,,,,,,,,,
846,5350521.06,,,,,,,,,,,,,,,,,,,,,,,
847,5350522.00,,,,,,,,,,,,,,,,,,,,,,,
848,5350523.00,,,,,,,,,,,,,,,,,,,,,,,
849,5350524.01,,,,,,,,,,,,,,,,,,,,,,,
850,5350524.02,,,,,,,,,,,,,,,,,,,,,,,
851,5350525.01,,,,,,,,,,,,,,,,,,,,,,,
852,5350525.02,,,,,,,,,,,,,,,,,,,,,,,
853,5350526.01,,,,,,,,,,,,,,,,,,,,,,,
854,5350526.02,,,,,,,,,,,,,,,,,,,,,,,
855,5350527.01,,,,,,,,,,,,,,,,,,,,,,,
856,5350527.02,,,,,,,,,,,,,,,,,,,,,,,
857,5350527.03,,,,,,,,,,,,,,,,,,,,,,,
858,5350527.04,,,,,,,,,,,,,,,,,,,,,,,
859,5350527.05,,,,,,,,,,,,,,,,,,,,,,,
860,5350527.06,,,,,,,,,,,,,,,,,,,,,,,
861,5350527.07,,,,,,,,,,,,,,,,,,,,,,,
862,5350527.08,,,,,,,,,,,,,,,,,,,,,,,
863,5350527.09,,,,,,,,,,,,,,,,,,,,,,,
864,5350528.01,,,,,,,,,,,,,,,,,,,,,,,
865,5350528.02,,,,,,,,,,,,,,,,,,,,,,,
866,5350528.10,,,,,,,,,,,,,,,,,,,,,,,
867,5350528.11,,,,,,,,,,,,,,,,,,,,,,,
868,5350528.12,,,,,,,,,,,,,,,,,,,,,,,
869,5350528.13,,,,,,,,,,,,,,,,,,,,,,,
870,5350528.15,,,,,,,,,,,,,,,,,,,,,,,
871,5350528.16,,,,,,,,,,,,,,,,,,,,,,,
872,5350528.18,,,,,,,,,,,,,,,,,,,,,,,
873,5350528.19,,,,,,,,,,,,,,,,,,,,,,,
874,5350528.20,,,,,,,,,,,,,,,,,,,,,,,
875,5350528.21,,,,,,,,,,,,,,,,,,,,,,,
876,5350528.22,,,,,,,,,,,,,,,,,,,,,,,
877,5350528.24,,,,,,,,,,,,,,,,,,,,,,,
878,5350528.25,,,,,,,,,,,,,,,,,,,,,,,
879,5350528.26,,,,,,,,,,,,,,,,,,,,,,,
880,5350528.31,,,,,,,,,,,,,,,,,,,,,,,
881,5350528.32,,,,,,,,,,,,,,,,,,,,,,,
882,5350528.33,,,,,,,,,,,,,,,,,,,,,,,
883,5350528.34,,,,,,,,,,,,,,,,,,,,,,,
884,5350528.35,,,,,,,,,,,,,,,,,,,,,,,
885,5350528.36,,,,,,,,,,,,,,,,,,,,,,,
886,5350528.37,,,,,,,,,,,,,,,,,,,,,,,
887,5350528.39,,,,,,,,,,,,,,,,,,,,,,,
888,5350528.40,,,,,,,,,,,,,,,,,,,,,,,
889,5350528.41,,,,,,,,,,,,,,,,,,,,,,,
890,5350528.42,,,,,,,,,,,,,,,,,,,,,,,
891,5350528.43,,,,,,,,,,,,,,,,,,,,,,,
892,5350528.44,,,,,,,,,,,,,,,,,,,,,,,
893,5350528.45,,,,,,,,,,,,,,,,,,,,,,,
894,5350528.46,,,,,,,,,,,,,,,,,,,,,,,
895,5350528.47,,,,,,,,,,,,,,,,,,,,,,,
896,5350528.48,,,,,,,,,,,,,,,,,,,,,,,
897,5350528.49,,,,,,,,,,,,,,,,,,,,,,,
898,5350529.01,,,,,,,,,,,,,,,,,,,,,,,
899,5350529.02,,,,,,,,,,,,,,,,,,,,,,,
900,5350530.01,,,,,,,,,,,,,,,,,,,,,,,
901,5350530.02,,,,,,,,,,,,,,,,,,,,,,,
902,5350531.01,,,,,,,,,,,,,,,,,,,,,,,
903,5350531.02,,,,,,,,,,,,,,,,,,,,,,,
904,5350532.01,,,,,,,,,,,,,,,,,,,,,,,
905,5350532.02,,,,,,,,,,,,,,,,,,,,,,,
906,5350540.01,,,,,,,,,,,,,,,,,,,,,,,
907,5350540.02,,,,,,,,,,,,,,,,,,,,,,,
908,5350550.01,,,,,,,,,,,,,,,,,,,,,,,
909,5350550.02,,,,,,,,,,,,,,,,,,,,,,,
910,5350560.00,,,,,,,,,,,,,,,,,,,,,,,
911,5350561.00,,,,,,,,,,,,,,,,,,,,,,,
912,5350562.02,,,,,,,,,,,,,,,,,,,,,,,
913,5350562.03,,,,,,,,,,,,,,,,,,,,,,,
914,5350562.04,,,,,,,,,,,,,,,,,,,,,,,
915,5350562.05,,,,,,,,,,,,,,,,,,,,,,,
916,5350562.06,,,,,,,,,,,,,,,,,,,,,,,
917,5350562.07,,,,,,,,,,,,,,,,,,,,,,,
918,5350562.08,,,,,,,,,,,,,,,,,,,,,,,
919,5350562.09,,,,,,,,,,,,,,,,,,,,,,,
920,5350562.11,,,,,,,,,,,,,,,,,,,,,,,
921,5350562.12,,,,,,,,,,,,,,,,,,,,,,,
922,5350562.13,,,,,,,,,,,,,,,,,,,,,,,
923,5350562.14,,,,,,,,,,,,,,,,,,,,,,,
924,5350562.15,,,,,,,,,,,,,,,,,,,,,,,
925,5350563.01,,,,,,,,,,,,,,,,,,,,,,,
926,5350563.02,,,,,,,,,,,,,,,,,,,,,,,
927,5350564.01,,,,,,,,,,,,,,,,,,,,,,,
928,5350564.02,,,,,,,,,,,,,,,,,,,,,,,
929,5350570.01,,,,,,,,,,,,,,,,,,,,,,,
930,5350570.02,,,,,,,,,,,,,,,,,,,,,,,
931,5350571.01,,,,,,,,,,,,,,,,,,,,,,,
932,5350571.02,,,,,,,,,,,,,,,,,,,,,,,
933,5350572.01,,,,,,,,,,,,,,,,,,,,,,,
934,5350572.04,,,,,,,,,,,,,,,,,,,,,,,
935,5350572.05,,,,,,,,,,,,,,,,,,,,,,,
936,5350572.07,,,,,,,,,,,,,,,,,,,,,,,
937,5350572.08,,,,,,,,,,,,,,,,,,,,,,,
938,5350572.09,,,,,,,,,,,,,,,,,,,,,,,
939,5350572.10,,,,,,,,,,,,,,,,,,,,,,,
940,5350573.03,,,,,,,,,,,,,,,,,,,,,,,
941,5350573.05,,,,,,,,,,,,,,,,,,,,,,,
942,5350573.06,,,,,,,,,,,,,,,,,,,,,,,
943,5350573.07,,,,,,,,,,,,,,,,,,,,,,,
944,5350573.09,,,,,,,,,,,,,,,,,,,,,,,
945,5350573.10,,,,,,,,,,,,,,,,,,,,,,,
946,5350573.11,,,,,,,,,,,,,,,,,,,,,,,
947,5350574.00,,,,,,,,,,,,,,,,,,,,,,,
948,5350575.01,,,,,,,,,,,,,,,,,,,,,,,
949,5350575.02,,,,,,,,,,,,,,,,,,,,,,,
950,5350575.03,,,,,,,,,,,,,,,,,,,,,,,
951,5350575.04,,,,,,,,,,,,,,,,,,,,,,,
952,5350575.05,,,,,,,,,,,,,,,,,,,,,,,
953,5350575.07,,,,,,,,,,,,,,,,,,,,,,,
954,5350575.08,,,,,,,,,,,,,,,,,,,,,,,
955,5350576.04,,,,,,,,,,,,,,,,,,,,,,,
956,5350576.05,,,,,,,,,,,,,,,,,,,,,,,
957,5350576.06,,,,,,,,,,,,,,,,,,,,,,,
958,5350576.07,,,,,,,,,,,,,,,,,,,,,,,
959,5350576.09,,,,,,,,,,,,,,,,,,,,,,,
960,5350576.10,,,,,,,,,,,,,,,,,,,,,,,
961,5350576.16,,,,,,,,,,,,,,,,,,,,,,,
962,5350576.17,,,,,,,,,,,,,,,,,,,,,,,
963,5350576.20,,,,,,,,,,,,,,,,,,,,,,,
964,5350576.22,,,,,,,,,,,,,,,,,,,,,,,
965,5350576.24,,,,,,,,,,,,,,,,,,,,,,,
966,5350576.29,,,,,,,,,,,,,,,,,,,,,,,
967,5350576.31,,,,,,,,,,,,,,,,,,,,,,,
968,5350576.32,,,,,,,,,,,,,,,,,,,,,,,
969,5350576.33,,,,,,,,,,,,,,,,,,,,,,,
970,5350576.34,,,,,,,,,,,,,,,,,,,,,,,
971,5350576.40,,,,,,,,,,,,,,,,,,,,,,,
972,5350576.41,,,,,,,,,,,,,,,,,,,,,,,
973,5350576.42,,,,,,,,,,,,,,,,,,,,,,,
974,5350576.43,,,,,,,,,,,,,,,,,,,,,,,
975,5350576.44,,,,,,,,,,,,,,,,,,,,,,,
976,5350576.45,,,,,,,,,,,,,,,,,,,,,,,
977,5350576.46,,,,,,,,,,,,,,,,,,,,,,,
978,5350576.47,,,,,,,,,,,,,,,,,,,,,,,
979,5350576.49,,,,,,,,,,,,,,,,,,,,,,,
980,5350576.50,,,,,,,,,,,,,,,,,,,,,,,
981,5350576.52,,,,,,,,,,,,,,,,,,,,,,,
982,5350576.53,,,,,,,,,,,,,,,,,,,,,,,
983,5350576.54,,,,,,,,,,,,,,,,,,,,,,,
984,5350576.55,,,,,,,,,,,,,,,,,,,,,,,
985,5350576.56,,,,,,,,,,,,,,,,,,,,,,,
986,5350576.57,,,,,,,,,,,,,,,,,,,,,,,
987,5350576.58,,,,,,,,,,,,,,,,,,,,,,,
988,5350576.59,,,,,,,,,,,,,,,,,,,,,,,
989,5350576.60,,,,,,,,,,,,,,,,,,,,,,,
990,5350576.61,,,,,,,,,,,,,,,,,,,,,,,
991,5350576.62,,,,,,,,,,,,,,,,,,,,,,,
992,5350576.63,,,,,,,,,,,,,,,,,,,,,,,
993,5350576.64,,,,,,,,,,,,,,,,,,,,,,,
994,5350576.65,,,,,,,,,,,,,,,,,,,,,,,
995,5350576.66,,,,,,,,,,,,,,,,,,,,,,,
996,5350576.67,,,,,,,,,,,,,,,,,,,,,,,
997,5350576.68,,,,,,,,,,,,,,,,,,,,,,,
998,5350576.69,,,,,,,,,,,,,,,,,,,,,,,
999,5350576.70,,,,,,,,,,,,,,,,,,,,,,,
1000,5350576.71,,,,,,,,,,,,,,,,,,,,,,,
1001,5350576.72,,,,,,,,,,,,,,,,,,,,,,,
1002,5350585.02,,,,,,,,,,,,,,,,,,,,,,,
1003,5350585.03,,,,,,,,,,,,,,,,,,,,,,,
1004,5350585.05,,,,,,,,,,,,,,,,,,,,,,,
1005,5350585.07,,,,,,,,,,,,,,,,,,,,,,,
1006,5350585.08,,,,,,,,,,,,,,,,,,,,,,,
1007,5350585.09,,,,,,,,,,,,,,,,,,,,,,,
1008,5350585.10,,,,,,,,,,,,,,,,,,,,,,,
1009,5350586.01,,,,,,,,,,,,,,,,,,,,,,,
1010,5350586.02,,,,,,,,,,,,,,,,,,,,,,,
1011,5350587.01,,,,,,,,,,,,,,,,,,,,,,,
1012,5350587.02,,,,,,,,,,,,,,,,,,,,,,,
1013,5350600.01,,,,,,,,,,,,,,,,,,,,,,,
1014,5350600.02,,,,,,,,,,,,,,,,,,,,,,,
1015,5350601.00,,,,,,,,,,,,,,,,,,,,,,,
1016,5350602.00,,,,,,,,,,,,,,,,,,,,,,,
1017,5350603.00,,,,,,,,,,,,,,,,,,,,,,,
1018,5350604.00,,,,,,,,,,,,,,,,,,,,,,,
1019,5350605.00,,,,,,,,,,,,,,,,,,,,,,,
1020,5350606.00,,,,,,,,,,,,,,,,,,,,,,,
1021,5350607.00,,,,,,,,,,,,,,,,,,,,,,,
1022,5350608.00,,,,,,,,,,,,,,,,,,,,,,,
1023,5350609.00,,,,,,,,,,,,,,,,,,,,,,,
1024,5350610.02,,,,,,,,,,,,,,,,,,,,,,,
1025,5350610.03,,,,,,,,,,,,,,,,,,,,,,,
1026,5350610.04,,,,,,,,,,,,,,,,,,,,,,,
1027,5350611.00,,,,,,,,,,,,,,,,,,,,,,,
1028,5350612.01,,,,,,,,,,,,,,,,,,,,,,,
1029,5350612.03,,,,,,,,,,,,,,,,,,,,,,,
1030,5350612.05,,,,,,,,,,,,,,,,,,,,,,,
1031,5350612.08,,,,,,,,,,,,,,,,,,,,,,,
1032,5350612.10,,,,,,,,,,,,,,,,,,,,,,,
1033,5350612.11,,,,,,,,,,,,,,,,,,,,,,,
1034,5350612.12,,,,,,,,,,,,,,,,,,,,,,,
1035,5350612.13,,,,,,,,,,,,,,,,,,,,,,,
1036,5350612.14,,,,,,,,,,,,,,,,,,,,,,,
1037,5350612.15,,,,,,,,,,,,,,,,,,,,,,,
1038,5350612.18,,,,,,,,,,,,,,,,,,,,,,,
1039,5350612.19,,,,,,,,,,,,,,,,,,,,,,,
1040,5350612.20,,,,,,,,,,,,,,,,,,,,,,,
1041,5350612.21,,,,,,,,,,,,,,,,,,,,,,,
1042,5350612.22,,,,,,,,,,,,,,,,,,,,,,,
1043,5350612.23,,,,,,,,,,,,,,,,,,,,,,,
1044,5350612.24,,,,,,,,,,,,,,,,,,,,,,,
1045,5350612.25,,,,,,,,,,,,,,,,,,,,,,,
1046,5350612.26,,,,,,,,,,,,,,,,,,,,,,,
1047,5350612.27,,,,,,,,,,,,,,,,,,,,,,,
1048,5350613.01,,,,,,,,,,,,,,,,,,,,,,,
1049,5350613.03,,,,,,,,,,,,,,,,,,,,,,,
1050,5350613.04,,,,,,,,,,,,,,,,,,,,,,,
1051,5350614.01,,,,,,,,,,,,,,,,,,,,,,,
1052,5350614.02,,,,,,,,,,,,,,,,,,,,,,,
1053,5350615.00,,,,,,,,,,,,,,,,,,,,,,,
1054,5350620.01,,,,,,,,,,,,,,,,,,,,,,,
1055,5350620.05,,,,,,,,,,,,,,,,,,,,,,,
1056,5350620.06,,,,,,,,,,,,,,,,,,,,,,,
1057,5350620.07,,,,,,,,,,,,,,,,,,,,,,,
1058,5350620.08,,,,,,,,,,,,,,,,,,,,,,,
1059,5350620.09,,,,,,,,,,,,,,,,,,,,,,,
1060,5350620.10,,,,,,,,,,,,,,,,,,,,,,,
1061,5350620.11,,,,,,,,,,,,,,,,,,,,,,,
1062,5350620.12,,,,,,,,,,,,,,,,,,,,,,,
1063,5350620.13,,,,,,,,,,,,,,,,,,,,,,,
1064,5350621.00,,,,,,,,,,,,,,,,,,,,,,,
1065,5350622.00,,,,,,,,,,,,,,,,,,,,,,,
1066,5350623.00,,,,,,,,,,,,,,,,,,,,,,,
1067,5350624.00,,,,,,,,,,,,,,,,,,,,,,,
1068,5350625.00,,,,,,,,,,,,,,,,,,,,,,,
1069,5350626.00,,,,,,,,,,,,,,,,,,,,,,,
1070,5350630.00,,,,,,,,,,,,,,,,,,,,,,,
1071,5350631.02,,,,,,,,,,,,,,,,,,,,,,,
1072,5350631.03,,,,,,,,,,,,,,,,,,,,,,,
1073,5350631.04,,,,,,,,,,,,,,,,,,,,,,,
1074,5350632.00,,,,,,,,,,,,,,,,,,,,,,,
1075,5350633.00,,,,,,,,,,,,,,,,,,,,,,,
1076,5350634.01,,,,,,,,,,,,,,,,,,,,,,,
1077,5350634.02,,,,,,,,,,,,,,,,,,,,,,,
1078,5350635.00,,,,,,,,,,,,,,,,,,,,,,,
1079,5350636.00,,,,,,,,,,,,,,,,,,,,,,,
1080,5350637.00,,,,,,,,,,,,,,,,,,,,,,,
1081,5350638.00,,,,,,,,,,,,,,,,,,,,,,,
1082,5350639.00,,,,,,,,,,,,,,,,,,,,,,,
1083,5350800.01,,,,,,,,,,,,,,,,,,,,,,,
1084,5350800.02,,,,,,,,,,,,,,,,,,,,,,,
1085,5350801.01,,,,,,,,,,,,,,,,,,,,,,,
1086,5350801.02,,,,,,,,,,,,,,,,,,,,,,,
1087,5350802.01,,,,,,,,,,,,,,,,,,,,,,,
1088,5350802.02,,,,,,,,,,,,,,,,,,,,,,,
1089,5350803.03,,,,,,,,,,,,,,,,,,,,,,,
1090,5350803.04,,,,,,,,,,,,,,,,,,,,,,,
1091,5350803.05,,,,,,,,,,,,,,,,,,,,,,,
1092,5350803.06,,,,,,,,,,,,,,,,,,,,,,,
1093,5350804.01,0.0,0.0,0.0,0.0,0.0,0.0,0.0,0.0,0.0,0.0,0.0,0.0,0.0,0.0,0.0,0.0,0.0,0.0,0.0,0.0,0.0,0.0,0.0
1094,5350804.05,0.0,0.0,0.0,0.0,0.0,0.0,0.0,0.0,0.0,0.0,0.0,0.0,0.0,0.0,0.0,0.0,0.0,0.0,0.0,0.0,0.0,0.0,0.0
1095,5350804.06,0.0,0.0,0.0,0.0,0.0,0.0,0.0,0.0,0.0,0.0,0.0,0.0,0.0,0.0,0.0,0.0,0.0,0.0,0.0,0.0,0.0,0.0,0.0
1096,5350804.07,0.0,0.0,0.0,0.0,0.0,0.0,0.0,0.0,0.0,0.0,0.0,0.0,0.0,0.0,0.0,0.0,0.0,0.0,0.0,0.0,0.0,0.0,0.0
1097,5350804.08,0.0,0.0,0.0,0.0,0.0,0.0,0.0,0.0,0.0,0.0,0.0,0.0,0.0,0.0,0.0,0.0,0.0,0.0,0.0,0.0,0.0,0.0,0.0
1098,5350804.10,0.0,0.0,0.0,0.0,0.0,0.0,0.0,0.0,0.0,0.0,0.0,0.0,0.0,0.0,0.0,0.0,0.0,0.0,0.0,0.0,0.0,0.0,0.0
1099,5350804.11,0.0,0.0,0.0,0.0,0.0,0.0,0.0,0.0,0.0,0.0,0.0,0.0,0.0,0.0,0.0,0.0,0.0,0.0,0.0,0.0,0.0,0.0,0.0
1100,5350804.12,0.0,0.0,0.0,0.0,0.0,0.0,0.0,0.0,0.0,0.0,0.0,0.0,0.0,0.0,0.0,0.0,0.0,0.0,0.0,0.0,0.0,0.0,0.0
1101,5350804.13,0.0,0.0,0.0,0.0,0.0,0.0,0.0,0.0,0.0,0.0,0.0,0.0,0.0,0.0,0.0,0.0,0.0,0.0,0.0,0.0,0.0,0.0,0.0
1102,5350805.04,0.0,0.0,0.0,0.0,0.0,0.0,0.0,0.0,0.0,0.0,0.0,0.0,0.0,0.0,0.0,0.0,0.0,0.0,0.0,0.0,0.0,0.0,0.0
1103,5350805.06,0.0,0.0,0.0,0.0,0.0,0.0,0.0,0.0,0.0,0.0,0.0,0.0,0.0,0.0,0.0,0.0,0.0,0.0,0.0,0.0,0.0,0.0,0.0
1104,5350805.09,0.0,0.0,0.0,0.0,0.0,0.0,0.0,0.0,0.0,0.0,0.0,0.0,0.0,0.0,0.0,0.0,0.0,0.0,0.0,0.0,0.0,0.0,0.0
1105,5350805.10,0.0,0.0,0.0,0.0,0.0,0.0,0.0,0.0,0.0,0.0,0.0,0.0,0.0,0.0,0.0,0.0,0.0,0.0,0.0,0.0,0.0,0.0,0.0
1106,5350805.12,0.0,0.0,0.0,0.0,0.0,0.0,0.0,0.0,0.0,0.0,0.0,0.0,0.0,0.0,0.0,0.0,0.0,0.0,0.0,0.0,0.0,0.0,0.0
1107,5350805.14,0.0,0.0,0.0,0.0,0.0,0.0,0.0,0.0,0.0,0.0,0.0,0.0,0.0,0.0,0.0,0.0,0.0,0.0,0.0,0.0,0.0,0.0,0.0
1108,5350805.15,0.0,0.0,0.0,0.0,0.0,0.0,0.0,0.0,0.0,0.0,0.0,0.0,0.0,0.0,0.0,0.0,0.0,0.0,0.0,0.0,0.0,0.0,0.0
1109,5350805.16,0.0,0.0,0.0,0.0,0.0,0.0,0.0,0.0,0.0,0.0,0.0,0.0,0.0,0.0,0.0,0.0,0.0,0.0,0.0,0.0,0.0,0.0,0.0
1110,5350805.17,0.0,0.0,0.0,0.0,0.0,0.0,0.0,0.0,0.0,0.0,0.0,0.0,0.0,0.0,0.0,0.0,0.0,0.0,0.0,0.0,0.0,0.0,0.0
1111,5350805.18,0.0,0.0,0.0,0.0,0.0,0.0,0.0,0.0,0.0,0.0,0.0,0.0,0.0,0.0,0.0,0.0,0.0,0.0,0.0,0.0,0.0,0.0,0.0
1112,5350805.19,0.0,0.0,0.0,0.0,0.0,0.0,0.0,0.0,0.0,0.0,0.0,0.0,0.0,0.0,0.0,0.0,0.0,0.0,0.0,0.0,0.0,0.0,0.0
1113,5350805.20,0.0,0.0,0.0,0.0,0.0,0.0,0.0,0.0,0.0,0.0,0.0,0.0,0.0,0.0,0.0,0.0,0.0,0.0,0.0,0.0,0.0,0.0,0.0
1114,5350805.21,0.0,0.0,0.0,0.0,0.0,0.0,0.0,0.0,0.0,0.0,0.0,0.0,0.0,0.0,0.0,0.0,0.0,0.0,0.0,0.0,0.0,0.0,0.0
1115,5350806.00,0.0,0.0,0.0,0.0,0.0,0.0,0.0,0.0,0.0,0.0,0.0,0.0,0.0,0.0,0.0,0.0,0.0,0.0,0.0,0.0,0.0,0.0,0.0
1116,5350807.00,0.0,0.0,0.0,0.0,0.0,0.0,0.0,0.0,0.0,0.0,0.0,0.0,0.0,0.0,0.0,0.0,0.0,0.0,0.0,0.0,0.0,0.0,0.0
1117,5350810.01,0.0,0.0,0.0,0.0,0.0,0.0,0.0,0.0,0.0,0.0,0.0,0.0,0.0,0.0,0.0,0.0,0.0,0.0,0.0,0.0,0.0,0.0,0.0
1118,5350810.02,0.0,0.0,0.0,0.0,0.0,0.0,0.0,0.0,0.0,0.0,0.0,0.0,0.0,0.0,0.0,0.0,0.0,0.0,0.0,0.0,0.0,0.0,0.0
1119,5350810.03,0.0,0.0,0.0,0.0,0.0,0.0,0.0,0.0,0.0,0.0,0.0,0.0,0.0,0.0,0.0,0.0,0.0,0.0,0.0,0.0,0.0,0.0,0.0
1120,5350810.04,0.0,0.0,0.0,0.0,0.0,0.0,0.0,0.0,0.0,0.0,0.0,0.0,0.0,0.0,0.0,0.0,0.0,0.0,0.0,0.0,0.0,0.0,0.0
1121,5350810.05,0.0,0.0,0.0,0.0,0.0,0.0,0.0,0.0,0.0,0.0,0.0,0.0,0.0,0.0,0.0,0.0,0.0,0.0,0.0,0.0,0.0,0.0,0.0
1122,5350811.00,0.0,0.0,0.0,0.0,0.0,0.0,0.0,0.0,0.0,0.0,0.0,0.0,0.0,0.0,0.0,0.0,0.0,0.0,0.0,0.0,0.0,0.0,0.0
1123,5350812.00,0.0,0.0,0.0,0.0,0.0,0.0,0.0,0.0,0.0,0.0,0.0,0.0,0.0,0.0,0.0,0.0,0.0,0.0,0.0,0.0,0.0,0.0,0.0
1124,5350820.03,0.0,0.0,0.0,0.0,0.0,0.0,0.0,0.0,0.0,0.0,0.0,0.0,0.0,0.0,0.0,0.0,0.0,0.0,0.0,0.0,0.0,0.0,0.0
1125,5350820.04,0.0,0.0,0.0,0.0,0.0,0.0,0.0,0.0,0.0,0.0,0.0,0.0,0.0,0.0,0.0,0.0,0.0,0.0,0.0,0.0,0.0,0.0,0.0
1126,5350820.05,0.0,0.0,0.0,0.0,0.0,0.0,0.0,0.0,0.0,0.0,0.0,0.0,0.0,0.0,0.0,0.0,0.0,0.0,0.0,0.0,0.0,0.0,0.0
1127,5350820.06,0.0,0.0,0.0,0.0,0.0,0.0,0.0,0.0,0.0,0.0,0.0,0.0,0.0,0.0,0.0,0.0,0.0,0.0,0.0,0.0,0.0,0.0,0.0
1128,5350820.07,0.0,0.0,0.0,0.0,0.0,0.0,0.0,0.0,0.0,0.0,0.0,0.0,0.0,0.0,0.0,0.0,0.0,0.0,0.0,0.0,0.0,0.0,0.0
1129,5350830.00,0.0,0.0,0.0,0.0,0.0,0.0,0.0,0.0,0.0,0.0,0.0,0.0,0.0,0.0,0.0,0.0,0.0,0.0,0.0,0.0,0.0,0.0,0.0
1130,5350831.01,0.0,0.0,0.0,0.0,0.0,0.0,0.0,0.0,0.0,0.0,0.0,0.0,0.0,0.0,0.0,0.0,0.0,0.0,0.0,0.0,0.0,0.0,0.0
1131,5350831.02,0.0,0.0,0.0,0.0,0.0,0.0,0.0,0.0,0.0,0.0,0.0,0.0,0.0,0.0,0.0,0.0,0.0,0.0,0.0,0.0,0.0,0.0,0.0
1132,5350832.00,0.0,0.0,0.0,0.0,0.0,0.0,0.0,0.0,0.0,0.0,0.0,0.0,0.0,0.0,0.0,0.0,0.0,0.0,0.0,0.0,0.0,0.0,0.0
1133,x,0.0,0.0,0.0,0.0,0.0,0.0,0.0,0.0,0.0,0.0,0.0,0.0,0.0,0.0,0.0,0.0,0.0,0.0,0.0,0.0,0.0,0.0,0.0
